,ds,y
0,2021-02-05,32318.501953125
1,2021-02-06,32318.501953125
2,2021-02-07,32318.501953125
3,2021-02-08,32256.154296875
4,2021-02-09,32235.369140625
5,2021-02-10,32006.748046875
6,2021-02-11,32193.80078125
7,2021-02-12,32193.80078125
8,2021-02-13,32193.80078125
9,2021-02-14,32193.80078125
10,2021-02-15,32193.80078125
11,2021-02-16,31985.96484375
12,2021-02-17,31694.994140625
13,2021-02-18,31591.076171875
14,2021-02-19,31383.2421875
15,2021-02-20,31383.2421875
16,2021-02-21,31383.2421875
17,2021-02-22,30822.083984375
18,2021-02-23,30385.62890625
19,2021-02-24,30510.328125
20,2021-02-25,30489.546875
21,2021-02-26,30344.060546875
22,2021-02-27,30344.060546875
23,2021-02-28,30344.060546875
24,2021-03-01,30427.1953125
25,2021-03-02,31071.48828125
26,2021-03-03,30759.732421875
27,2021-03-04,30676.599609375
28,2021-03-05,30427.1953125
29,2021-03-06,30427.1953125
30,2021-03-07,30427.1953125
31,2021-03-08,30406.412109375
32,2021-03-09,30136.2265625
33,2021-03-10,30136.2265625
34,2021-03-11,30136.2265625
35,2021-03-12,30115.44140625
36,2021-03-13,30115.44140625
37,2021-03-14,30115.44140625
38,2021-03-15,30094.66015625
39,2021-03-16,30489.546875
40,2021-03-17,30177.79296875
41,2021-03-18,30427.1953125
42,2021-03-19,31404.0234375
43,2021-03-20,31404.0234375
44,2021-03-21,31404.0234375
45,2021-03-22,31404.0234375
46,2021-03-23,30572.6796875
47,2021-03-24,29782.904296875
48,2021-03-25,29782.904296875
49,2021-03-26,30011.521484375
50,2021-03-27,30011.521484375
51,2021-03-28,30011.521484375
52,2021-03-29,30302.4921875
53,2021-03-30,30489.546875
54,2021-03-31,30073.875
55,2021-04-01,30198.576171875
56,2021-04-02,30198.576171875
57,2021-04-03,30198.576171875
58,2021-04-04,30198.576171875
59,2021-04-05,30094.66015625
60,2021-04-06,30157.0078125
61,2021-04-07,30115.44140625
62,2021-04-08,30801.298828125
63,2021-04-09,31632.64453125
64,2021-04-10,31632.64453125
65,2021-04-11,31632.64453125
66,2021-04-12,30614.24609375
67,2021-04-13,30240.142578125
68,2021-04-14,30447.978515625
69,2021-04-15,30219.359375
70,2021-04-16,30260.92578125
71,2021-04-17,30260.92578125
72,2021-04-18,30260.92578125
73,2021-04-19,30136.2265625
74,2021-04-20,30219.359375
75,2021-04-21,30094.66015625
76,2021-04-22,30032.3046875
77,2021-04-23,29969.955078125
78,2021-04-24,29969.955078125
79,2021-04-25,29969.955078125
80,2021-04-26,30115.44140625
81,2021-04-27,29928.388671875
82,2021-04-28,30281.708984375
83,2021-04-29,30032.3046875
84,2021-04-30,30011.521484375
85,2021-05-01,30011.521484375
86,2021-05-02,30011.521484375
87,2021-05-03,29845.255859375
88,2021-05-04,29678.984375
89,2021-05-05,29429.580078125
90,2021-05-06,29242.529296875
91,2021-05-07,29159.392578125
92,2021-05-08,29159.392578125
93,2021-05-09,29159.392578125
94,2021-05-10,29242.529296875
95,2021-05-11,29138.609375
96,2021-05-12,29138.609375
97,2021-05-13,29138.609375
98,2021-05-14,29138.609375
99,2021-05-15,29138.609375
100,2021-05-16,29138.609375
101,2021-05-17,27933.162109375
102,2021-05-18,28099.431640625
103,2021-05-19,27496.70703125
104,2021-05-20,27372.005859375
105,2021-05-21,27372.005859375
106,2021-05-22,27372.005859375
107,2021-05-23,27372.005859375
108,2021-05-24,27434.35546875
109,2021-05-25,27517.490234375
110,2021-05-26,27517.490234375
111,2021-05-27,27351.220703125
112,2021-05-28,27351.220703125
113,2021-05-29,27351.220703125
114,2021-05-30,27351.220703125
115,2021-05-31,27559.056640625
116,2021-06-01,27559.056640625
117,2021-06-02,28140.998046875
118,2021-06-03,27933.162109375
119,2021-06-04,27725.326171875
120,2021-06-05,27725.326171875
121,2021-06-06,27725.326171875
122,2021-06-07,27829.244140625
123,2021-06-08,27455.140625
124,2021-06-09,27330.439453125
125,2021-06-10,27933.162109375
126,2021-06-11,27933.162109375
127,2021-06-12,27933.162109375
128,2021-06-13,27933.162109375
129,2021-06-14,28182.564453125
130,2021-06-15,28847.640625
131,2021-06-16,29637.41796875
132,2021-06-17,29949.171875
133,2021-06-18,29720.55078125
134,2021-06-19,29720.55078125
135,2021-06-20,29720.55078125
136,2021-06-21,30115.44140625
137,2021-06-22,31175.40234375
138,2021-06-23,31528.724609375
139,2021-06-24,31819.6953125
140,2021-06-25,32214.5859375
141,2021-06-26,32214.5859375
142,2021-06-27,32214.5859375
143,2021-06-28,33877.2734375
144,2021-06-29,36163.46875
145,2021-06-30,36745.41015625
146,2021-07-01,36745.41015625
147,2021-07-02,39281.0078125
148,2021-07-03,39281.0078125
149,2021-07-04,39281.0078125
150,2021-07-05,36537.5703125
151,2021-07-06,34438.4296875
152,2021-07-07,33960.41015625
153,2021-07-08,33731.7890625
154,2021-07-09,34209.80859375
155,2021-07-10,34209.80859375
156,2021-07-11,34209.80859375
157,2021-07-12,34729.3984375
158,2021-07-13,34542.34765625
159,2021-07-14,33669.4375
160,2021-07-15,33835.703125
161,2021-07-16,33420.03515625
162,2021-07-17,33420.03515625
163,2021-07-18,33420.03515625
164,2021-07-19,33242.26953125
165,2021-07-20,33242.26953125
166,2021-07-21,31975.685546875
167,2021-07-22,32220.11328125
168,2021-07-23,32042.34765625
169,2021-07-24,32042.34765625
170,2021-07-25,32042.34765625
171,2021-07-26,31575.7109375
172,2021-07-27,30931.30859375
173,2021-07-28,30486.892578125
174,2021-07-29,30953.529296875
175,2021-07-30,29153.646484375
176,2021-07-31,29153.646484375
177,2021-08-01,29153.646484375
178,2021-08-02,29064.763671875
179,2021-08-03,29375.85546875
180,2021-08-04,29086.984375
181,2021-08-05,29264.751953125
182,2021-08-06,29153.646484375
183,2021-08-07,29153.646484375
184,2021-08-08,29153.646484375
185,2021-08-09,29175.869140625
186,2021-08-10,28953.66015625
187,2021-08-11,28953.66015625
188,2021-08-12,29242.529296875
189,2021-08-13,28975.880859375
190,2021-08-14,28975.880859375
191,2021-08-15,28975.880859375
192,2021-08-16,28664.7890625
193,2021-08-17,28664.7890625
194,2021-08-18,27442.6484375
195,2021-08-19,26842.6875
196,2021-08-20,26931.5703125
197,2021-08-21,26931.5703125
198,2021-08-22,26931.5703125
199,2021-08-23,28242.595703125
200,2021-08-24,28687.01171875
201,2021-08-25,28775.89453125
202,2021-08-26,28620.349609375
203,2021-08-27,28420.361328125
204,2021-08-28,28420.361328125
205,2021-08-29,28420.361328125
206,2021-08-30,29020.32421875
207,2021-08-31,29398.076171875
208,2021-09-01,29642.50390625
209,2021-09-02,28975.880859375
210,2021-09-03,29420.294921875
211,2021-09-04,29420.294921875
212,2021-09-05,29420.294921875
213,2021-09-06,29398.076171875
214,2021-09-07,29198.08984375
215,2021-09-08,28753.671875
216,2021-09-09,29820.26953125
217,2021-09-10,29464.73828125
218,2021-09-11,29464.73828125
219,2021-09-12,29464.73828125
220,2021-09-13,28798.115234375
221,2021-09-14,28886.998046875
222,2021-09-15,28442.583984375
223,2021-09-16,28753.671875
224,2021-09-17,28309.2578125
225,2021-09-18,28309.2578125
226,2021-09-19,28309.2578125
227,2021-09-20,28353.701171875
228,2021-09-21,27953.7265625
229,2021-09-22,27909.283203125
230,2021-09-23,27909.283203125
231,2021-09-24,27620.4140625
232,2021-09-25,27620.4140625
233,2021-09-26,27620.4140625
234,2021-09-27,27575.97265625
235,2021-09-28,28042.609375
236,2021-09-29,28153.712890625
237,2021-09-30,28931.44140625
238,2021-10-01,28487.0234375
239,2021-10-02,28487.0234375
240,2021-10-03,28487.0234375
241,2021-10-04,28864.77734375
242,2021-10-05,28998.1015625
243,2021-10-06,29375.85546875
244,2021-10-07,30886.8671875
245,2021-10-08,30797.984375
246,2021-10-09,30797.984375
247,2021-10-10,30797.984375
248,2021-10-11,30086.919921875
249,2021-10-12,29575.841796875
250,2021-10-13,30686.880859375
251,2021-10-14,30753.54296875
252,2021-10-15,30575.775390625
253,2021-10-16,30575.775390625
254,2021-10-17,30575.775390625
255,2021-10-18,31242.3984375
256,2021-10-19,31109.076171875
257,2021-10-20,31109.076171875
258,2021-10-21,31286.841796875
259,2021-10-22,30997.970703125
260,2021-10-23,30997.970703125
261,2021-10-24,30997.970703125
262,2021-10-25,30086.919921875
263,2021-10-26,30353.5703125
264,2021-10-27,30664.658203125
265,2021-10-28,29798.048828125
266,2021-10-29,29775.830078125
267,2021-10-30,29775.830078125
268,2021-10-31,29775.830078125
269,2021-11-01,29975.814453125
270,2021-11-02,29842.4921875
271,2021-11-03,29286.97265625
272,2021-11-04,29375.85546875
273,2021-11-05,29353.634765625
274,2021-11-06,29353.634765625
275,2021-11-07,29353.634765625
276,2021-11-08,29375.85546875
277,2021-11-09,29198.08984375
278,2021-11-10,29175.869140625
279,2021-11-11,29620.283203125
280,2021-11-12,29909.15234375
281,2021-11-13,29909.15234375
282,2021-11-14,29909.15234375
283,2021-11-15,29686.947265625
284,2021-11-16,30486.892578125
285,2021-11-17,29909.15234375
286,2021-11-18,29686.947265625
287,2021-11-19,29575.841796875
288,2021-11-20,29575.841796875
289,2021-11-21,29575.841796875
290,2021-11-22,29664.724609375
291,2021-11-23,29753.607421875
292,2021-11-24,29998.03515625
293,2021-11-25,29731.38671875
294,2021-11-26,29486.958984375
295,2021-11-27,29486.958984375
296,2021-11-28,29486.958984375
297,2021-11-29,29131.42578125
298,2021-11-30,27909.283203125
299,2021-12-01,28020.388671875
300,2021-12-02,28775.89453125
301,2021-12-03,28398.140625
302,2021-12-04,28398.140625
303,2021-12-05,28398.140625
304,2021-12-06,28553.6875
305,2021-12-07,28353.701171875
306,2021-12-08,27998.166015625
307,2021-12-09,28509.244140625
308,2021-12-10,28487.0234375
309,2021-12-11,28487.0234375
310,2021-12-12,28487.0234375
311,2021-12-13,28664.7890625
312,2021-12-14,27909.283203125
313,2021-12-15,28064.830078125
314,2021-12-16,27664.85546875
315,2021-12-17,27553.751953125
316,2021-12-18,27553.751953125
317,2021-12-19,27553.751953125
318,2021-12-20,27642.634765625
319,2021-12-21,27620.4140625
320,2021-12-22,27420.42578125
321,2021-12-23,27198.220703125
322,2021-12-24,27131.55859375
323,2021-12-25,27131.55859375
324,2021-12-26,27131.55859375
325,2021-12-27,27264.880859375
326,2021-12-28,27242.66015625
327,2021-12-29,27242.66015625
328,2021-12-30,27198.220703125
329,2021-12-31,27198.220703125
330,2022-01-01,27198.220703125
331,2022-01-02,27198.220703125
332,2022-01-03,27264.880859375
333,2022-01-04,27687.078125
334,2022-01-05,27864.84375
335,2022-01-06,27464.869140625
336,2022-01-07,27664.85546875
337,2022-01-08,27664.85546875
338,2022-01-09,27664.85546875
339,2022-01-10,27509.310546875
340,2022-01-11,27642.634765625
341,2022-01-12,28598.12890625
342,2022-01-13,28664.7890625
343,2022-01-14,28420.361328125
344,2022-01-15,28420.361328125
345,2022-01-16,28420.361328125
346,2022-01-17,28487.0234375
347,2022-01-18,27398.20703125
348,2022-01-19,27664.85546875
349,2022-01-20,27820.400390625
350,2022-01-21,28220.375
351,2022-01-22,28220.375
352,2022-01-23,28220.375
353,2022-01-24,28220.375
354,2022-01-25,27842.62109375
355,2022-01-26,27131.55859375
356,2022-01-27,27153.77734375
357,2022-01-28,27109.337890625
358,2022-01-29,27109.337890625
359,2022-01-30,27109.337890625
360,2022-01-31,27220.44140625
361,2022-02-01,27220.44140625
362,2022-02-02,27198.220703125
363,2022-02-03,27109.337890625
364,2022-02-04,27242.66015625
365,2022-02-05,27242.66015625
366,2022-02-06,27242.66015625
367,2022-02-07,27553.751953125
368,2022-02-08,27553.751953125
369,2022-02-09,27198.220703125
370,2022-02-10,27109.337890625
371,2022-02-11,27109.337890625
372,2022-02-12,27109.337890625
373,2022-02-13,27109.337890625
374,2022-02-14,27464.869140625
375,2022-02-15,27264.880859375
376,2022-02-16,27553.751953125
377,2022-02-17,28042.609375
378,2022-02-18,28264.818359375
379,2022-02-19,28264.818359375
380,2022-02-20,28264.818359375
381,2022-02-21,27998.166015625
382,2022-02-22,27687.078125
383,2022-02-23,27664.85546875
384,2022-02-24,28487.0234375
385,2022-02-25,27909.283203125
386,2022-02-26,27909.283203125
387,2022-02-27,27909.283203125
388,2022-02-28,27909.283203125
389,2022-03-01,27775.9609375
390,2022-03-02,28442.583984375
391,2022-03-03,28442.583984375
392,2022-03-04,27864.84375
393,2022-03-05,27864.84375
394,2022-03-06,27864.84375
395,2022-03-07,27242.66015625
396,2022-03-08,27064.89453125
397,2022-03-09,26998.232421875
398,2022-03-10,27775.9609375
399,2022-03-11,27420.42578125
400,2022-03-12,27420.42578125
401,2022-03-13,27420.42578125
402,2022-03-14,27153.77734375
403,2022-03-15,26976.01171875
404,2022-03-16,27064.89453125
405,2022-03-17,27220.44140625
406,2022-03-18,29842.4921875
407,2022-03-19,29842.4921875
408,2022-03-20,29842.4921875
409,2022-03-21,27753.73828125
410,2022-03-22,27553.751953125
411,2022-03-23,27553.751953125
412,2022-03-24,27731.517578125
413,2022-03-25,27420.42578125
414,2022-03-26,27420.42578125
415,2022-03-27,27420.42578125
416,2022-03-28,27264.880859375
417,2022-03-29,27398.20703125
418,2022-03-30,27820.400390625
419,2022-03-31,28087.048828125
420,2022-04-01,28353.701171875
421,2022-04-02,28353.701171875
422,2022-04-03,28353.701171875
423,2022-04-04,28420.361328125
424,2022-04-05,28598.12890625
425,2022-04-06,27820.400390625
426,2022-04-07,27487.08984375
427,2022-04-08,27375.986328125
428,2022-04-09,27375.986328125
429,2022-04-10,27375.986328125
430,2022-04-11,27331.54296875
431,2022-04-12,27042.673828125
432,2022-04-13,27553.751953125
433,2022-04-14,27198.220703125
434,2022-04-15,27198.220703125
435,2022-04-16,27198.220703125
436,2022-04-17,27198.220703125
437,2022-04-18,27375.986328125
438,2022-04-19,27198.220703125
439,2022-04-20,27753.73828125
440,2022-04-21,27287.103515625
441,2022-04-22,27198.220703125
442,2022-04-23,27198.220703125
443,2022-04-24,27198.220703125
444,2022-04-25,27198.220703125
445,2022-04-26,27642.634765625
446,2022-04-27,27887.064453125
447,2022-04-28,27287.103515625
448,2022-04-29,27287.103515625
449,2022-04-30,27287.103515625
450,2022-05-01,27287.103515625
451,2022-05-02,27287.103515625
452,2022-05-03,27287.103515625
453,2022-05-04,27287.103515625
454,2022-05-05,27287.103515625
455,2022-05-06,27287.103515625
456,2022-05-07,27287.103515625
457,2022-05-08,27287.103515625
458,2022-05-09,26931.5703125
459,2022-05-10,27175.998046875
460,2022-05-11,26953.791015625
461,2022-05-12,26976.01171875
462,2022-05-13,27131.55859375
463,2022-05-14,27131.55859375
464,2022-05-15,27131.55859375
465,2022-05-16,27131.55859375
466,2022-05-17,26931.5703125
467,2022-05-18,26953.791015625
468,2022-05-19,27020.455078125
469,2022-05-20,27353.765625
470,2022-05-21,27353.765625
471,2022-05-22,27353.765625
472,2022-05-23,27198.220703125
473,2022-05-24,27153.77734375
474,2022-05-25,27131.55859375
475,2022-05-26,27131.55859375
476,2022-05-27,27487.08984375
477,2022-05-28,27487.08984375
478,2022-05-29,27487.08984375
479,2022-05-30,27531.53125
480,2022-05-31,27998.166015625
481,2022-06-01,27998.166015625
482,2022-06-02,28064.830078125
483,2022-06-03,27864.84375
484,2022-06-04,27864.84375
485,2022-06-05,27864.84375
486,2022-06-06,27598.193359375
487,2022-06-07,28264.818359375
488,2022-06-08,28020.388671875
489,2022-06-09,28020.388671875
490,2022-06-10,27420.42578125
491,2022-06-11,27420.42578125
492,2022-06-12,27420.42578125
493,2022-06-13,27264.880859375
494,2022-06-14,27464.869140625
495,2022-06-15,27175.998046875
496,2022-06-16,27353.765625
497,2022-06-17,27064.89453125
498,2022-06-18,27064.89453125
499,2022-06-19,27064.89453125
500,2022-06-20,27287.103515625
501,2022-06-21,27598.193359375
502,2022-06-22,27531.53125
503,2022-06-23,27353.765625
504,2022-06-24,27709.296875
505,2022-06-25,27709.296875
506,2022-06-26,27709.296875
507,2022-06-27,27575.97265625
508,2022-06-28,27820.400390625
509,2022-06-29,27420.42578125
510,2022-06-30,27709.296875
511,2022-07-01,28020.388671875
512,2022-07-02,28020.388671875
513,2022-07-03,28020.388671875
514,2022-07-04,28064.830078125
515,2022-07-05,28220.375
516,2022-07-06,28264.818359375
517,2022-07-07,28242.595703125
518,2022-07-08,28153.712890625
519,2022-07-09,28153.712890625
520,2022-07-10,28153.712890625
521,2022-07-11,28321.15234375
522,2022-07-12,28249.392578125
523,2022-07-13,28177.6328125
524,2022-07-14,27962.353515625
525,2022-07-15,27914.513671875
526,2022-07-16,27914.513671875
527,2022-07-17,27914.513671875
528,2022-07-18,28225.47265625
529,2022-07-19,28201.552734375
530,2022-07-20,28416.83203125
531,2022-07-21,28225.47265625
532,2022-07-22,28416.83203125
533,2022-07-23,28416.83203125
534,2022-07-24,28416.83203125
535,2022-07-25,28129.79296875
536,2022-07-26,27675.314453125
537,2022-07-27,27555.716796875
538,2022-07-28,27316.517578125
539,2022-07-29,26646.759765625
540,2022-07-30,26646.759765625
541,2022-07-31,26646.759765625
542,2022-08-01,25474.685546875
543,2022-08-02,24446.130859375
544,2022-08-03,24015.572265625
545,2022-08-04,24565.728515625
546,2022-08-05,24589.6484375
547,2022-08-06,24589.6484375
548,2022-08-07,24589.6484375
549,2022-08-08,24206.931640625
550,2022-08-09,24398.291015625
551,2022-08-10,24302.611328125
552,2022-08-11,24206.931640625
553,2022-08-12,24398.291015625
554,2022-08-13,24398.291015625
555,2022-08-14,24398.291015625
556,2022-08-15,24206.931640625
557,2022-08-16,24206.931640625
558,2022-08-17,24206.931640625
559,2022-08-18,24206.931640625
560,2022-08-19,24111.251953125
561,2022-08-20,24111.251953125
562,2022-08-21,24111.251953125
563,2022-08-22,24111.251953125
564,2022-08-23,24063.412109375
565,2022-08-24,24015.572265625
566,2022-08-25,23967.732421875
567,2022-08-26,23943.8125
568,2022-08-27,23943.8125
569,2022-08-28,23943.8125
570,2022-08-29,23585.013671875
571,2022-08-30,23393.654296875
572,2022-08-31,22699.978515625
573,2022-09-01,22771.73828125
574,2022-09-02,22676.05859375
575,2022-09-03,22676.05859375
576,2022-09-04,22676.05859375
577,2022-09-05,22915.255859375
578,2022-09-06,23154.455078125
579,2022-09-07,23058.775390625
580,2022-09-08,22747.818359375
581,2022-09-09,22676.05859375
582,2022-09-10,22676.05859375
583,2022-09-11,22676.05859375
584,2022-09-12,22915.255859375
585,2022-09-13,22915.255859375
586,2022-09-14,22652.138671875
587,2022-09-15,22676.05859375
588,2022-09-16,22365.099609375
589,2022-09-17,22365.099609375
590,2022-09-18,22365.099609375
591,2022-09-19,22030.220703125
592,2022-09-20,22054.140625
593,2022-09-21,21910.62109375
594,2022-09-22,21527.90234375
595,2022-09-23,21336.54296875
596,2022-09-24,21336.54296875
597,2022-09-25,21336.54296875
598,2022-09-26,22054.140625
599,2022-09-27,21862.78125
600,2022-09-28,23345.814453125
601,2022-09-29,22221.580078125
602,2022-09-30,21934.541015625
603,2022-10-01,21934.541015625
604,2022-10-02,21934.541015625
605,2022-10-03,21695.341796875
606,2022-10-04,21527.90234375
607,2022-10-05,21647.501953125
608,2022-10-06,21814.94140625
609,2022-10-07,21838.861328125
610,2022-10-08,21838.861328125
611,2022-10-09,21838.861328125
612,2022-10-10,21767.1015625
613,2022-10-11,21767.1015625
614,2022-10-12,21360.462890625
615,2022-10-13,21360.462890625
616,2022-10-14,21336.54296875
617,2022-10-15,21336.54296875
618,2022-10-16,21336.54296875
619,2022-10-17,21145.185546875
620,2022-10-18,21169.10546875
621,2022-10-19,21767.1015625
622,2022-10-20,23608.93359375
623,2022-10-21,23800.29296875
624,2022-10-22,23800.29296875
625,2022-10-23,23800.29296875
626,2022-10-24,23441.494140625
627,2022-10-25,23058.775390625
628,2022-10-26,23919.892578125
629,2022-10-27,24374.37109375
630,2022-10-28,23321.89453125
631,2022-10-29,23321.89453125
632,2022-10-30,23321.89453125
633,2022-10-31,23058.775390625
634,2022-11-01,22078.060546875
635,2022-11-02,22245.5
636,2022-11-03,22269.419921875
637,2022-11-04,21671.421875
638,2022-11-05,21671.421875
639,2022-11-06,21671.421875
640,2022-11-07,21695.341796875
641,2022-11-08,21240.865234375
642,2022-11-09,21623.58203125
643,2022-11-10,21073.42578125
644,2022-11-11,20403.66796875
645,2022-11-12,20403.66796875
646,2022-11-13,20403.66796875
647,2022-11-14,20499.34765625
648,2022-11-15,20810.306640625
649,2022-11-16,20092.708984375
650,2022-11-17,19757.830078125
651,2022-11-18,20164.46875
652,2022-11-19,20164.46875
653,2022-11-20,20164.46875
654,2022-11-21,19853.509765625
655,2022-11-22,19877.4296875
656,2022-11-23,19973.109375
657,2022-11-24,20092.708984375
658,2022-11-25,20523.267578125
659,2022-11-26,20523.267578125
660,2022-11-27,20523.267578125
661,2022-11-28,20762.466796875
662,2022-11-29,20523.267578125
663,2022-11-30,19088.07421875
664,2022-12-01,18083.439453125
665,2022-12-02,18585.755859375
666,2022-12-03,18585.755859375
667,2022-12-04,18585.755859375
668,2022-12-05,18107.359375
669,2022-12-06,17916.0
670,2022-12-07,18035.599609375
671,2022-12-08,18083.439453125
672,2022-12-09,17987.759765625
673,2022-12-10,17987.759765625
674,2022-12-11,17987.759765625
675,2022-12-12,18226.95703125
676,2022-12-13,18131.279296875
677,2022-12-14,18346.556640625
678,2022-12-15,18322.63671875
679,2022-12-16,17987.759765625
680,2022-12-17,17987.759765625
681,2022-12-18,17987.759765625
682,2022-12-19,18226.95703125
683,2022-12-20,17892.080078125
684,2022-12-21,17461.521484375
685,2022-12-22,17772.48046875
686,2022-12-23,18035.599609375
687,2022-12-24,18035.599609375
688,2022-12-25,18035.599609375
689,2022-12-26,18155.19921875
690,2022-12-27,17748.560546875
691,2022-12-28,17533.28125
692,2022-12-29,17605.041015625
693,2022-12-30,17222.322265625
694,2022-12-31,17222.322265625
695,2023-01-01,17222.322265625
696,2023-01-02,17246.2421875
697,2023-01-03,17222.322265625
698,2023-01-04,16863.5234375
699,2023-01-05,15882.80859375
700,2023-01-06,17007.04296875
701,2023-01-07,17007.04296875
702,2023-01-08,17007.04296875
703,2023-01-09,17030.962890625
704,2023-01-10,16720.00390625
705,2023-01-11,16528.646484375
706,2023-01-12,16600.404296875
707,2023-01-13,16552.56640625
708,2023-01-14,16552.56640625
709,2023-01-15,16552.56640625
710,2023-01-16,16193.767578125
711,2023-01-17,16432.966796875
712,2023-01-18,16289.4462890625
713,2023-01-19,16361.2060546875
714,2023-01-20,16385.126953125
715,2023-01-21,16385.126953125
716,2023-01-22,16385.126953125
717,2023-01-23,16385.126953125
718,2023-01-24,17987.759765625
719,2023-01-25,19183.75390625
720,2023-01-26,21312.625
721,2023-01-27,20953.826171875
722,2023-01-28,20953.826171875
723,2023-01-29,20953.826171875
724,2023-01-30,21145.185546875
725,2023-01-31,22006.30078125
726,2023-02-01,22963.095703125
727,2023-02-02,24206.931640625
728,2023-02-03,22819.578125
729,2023-02-04,22819.578125
730,2023-02-05,22819.578125
731,2023-02-06,22293.33984375
732,2023-02-07,23728.533203125
733,2023-02-08,24183.01171875
734,2023-02-09,25785.64453125
735,2023-02-10,25666.044921875
736,2023-02-11,25666.044921875
737,2023-02-12,25666.044921875
738,2023-02-13,25163.7265625
739,2023-02-14,25498.60546875
740,2023-02-15,25379.005859375
741,2023-02-16,24757.087890625
742,2023-02-17,25235.486328125
743,2023-02-18,25235.486328125
744,2023-02-19,25235.486328125
745,2023-02-20,25187.646484375
746,2023-02-21,26024.84375
747,2023-02-22,24924.52734375
748,2023-02-23,24302.611328125
749,2023-02-24,24948.447265625
750,2023-02-25,24948.447265625
751,2023-02-26,24948.447265625
752,2023-02-27,24206.931640625
753,2023-02-28,23919.892578125
754,2023-03-01,22867.41796875
755,2023-03-02,24087.33203125
756,2023-03-03,24589.6484375
757,2023-03-04,24589.6484375
758,2023-03-05,24589.6484375
759,2023-03-06,25450.765625
760,2023-03-07,24446.130859375
761,2023-03-08,25068.046875
762,2023-03-09,24685.328125
763,2023-03-10,25044.126953125
764,2023-03-11,25044.126953125
765,2023-03-12,25044.126953125
766,2023-03-13,24230.8515625
767,2023-03-14,23537.173828125
768,2023-03-15,24015.572265625
769,2023-03-16,23919.892578125
770,2023-03-17,24398.291015625
771,2023-03-18,24398.291015625
772,2023-03-19,24398.291015625
773,2023-03-20,23943.8125
774,2023-03-21,23393.654296875
775,2023-03-22,23393.654296875
776,2023-03-23,23393.654296875
777,2023-03-24,23561.09375
778,2023-03-25,23561.09375
779,2023-03-26,23561.09375
780,2023-03-27,23561.09375
781,2023-03-28,24493.96875
782,2023-03-29,25307.24609375
783,2023-03-30,25618.205078125
784,2023-03-31,24876.6875
785,2023-04-01,24876.6875
786,2023-04-02,24876.6875
787,2023-04-03,24087.33203125
788,2023-04-04,23943.8125
789,2023-04-05,24063.412109375
790,2023-04-06,24541.80859375
791,2023-04-07,24541.80859375
792,2023-04-08,24541.80859375
793,2023-04-09,24541.80859375
794,2023-04-10,24374.37109375
795,2023-04-11,24087.33203125
796,2023-04-12,23441.494140625
797,2023-04-13,23274.0546875
798,2023-04-14,23537.173828125
799,2023-04-15,23537.173828125
800,2023-04-16,23537.173828125
801,2023-04-17,23250.134765625
802,2023-04-18,23632.853515625
803,2023-04-19,23632.853515625
804,2023-04-20,23632.853515625
805,2023-04-21,23632.853515625
806,2023-04-22,23632.853515625
807,2023-04-23,23632.853515625
808,2023-04-24,23632.853515625
809,2023-04-25,23632.853515625
810,2023-04-26,24589.6484375
811,2023-04-27,25068.046875
812,2023-04-28,27220.837890625
813,2023-04-29,27220.837890625
814,2023-04-30,27220.837890625
815,2023-05-01,27220.837890625
816,2023-05-02,26359.720703125
817,2023-05-03,26933.798828125
818,2023-05-04,26862.0390625
819,2023-05-05,27292.59765625
820,2023-05-06,27292.59765625
821,2023-05-07,27292.59765625
822,2023-05-08,27627.4765625
823,2023-05-09,27579.63671875
824,2023-05-10,28512.51171875
825,2023-05-11,27268.677734375
826,2023-05-12,26646.759765625
827,2023-05-13,26646.759765625
828,2023-05-14,26646.759765625
829,2023-05-15,27747.07421875
830,2023-05-16,27627.4765625
831,2023-05-17,27460.037109375
832,2023-05-18,27460.037109375
833,2023-05-19,26646.759765625
834,2023-05-20,26646.759765625
835,2023-05-21,26646.759765625
836,2023-05-22,26981.638671875
837,2023-05-23,26455.400390625
838,2023-05-24,26407.560546875
839,2023-05-25,26000.923828125
840,2023-05-26,26383.640625
841,2023-05-27,26383.640625
842,2023-05-28,26383.640625
843,2023-05-29,26216.201171875
844,2023-05-30,26264.041015625
845,2023-05-31,25833.484375
846,2023-06-01,25833.484375
847,2023-06-02,25833.484375
848,2023-06-03,25833.484375
849,2023-06-04,25833.484375
850,2023-06-05,27340.4375
851,2023-06-06,27172.998046875
852,2023-06-07,26885.958984375
853,2023-06-08,26790.279296875
854,2023-06-09,26216.201171875
855,2023-06-10,26216.201171875
856,2023-06-11,26216.201171875
857,2023-06-12,26694.599609375
858,2023-06-13,26790.279296875
859,2023-06-14,26407.560546875
860,2023-06-15,26551.080078125
861,2023-06-16,26503.240234375
862,2023-06-17,26503.240234375
863,2023-06-18,26503.240234375
864,2023-06-19,26551.080078125
865,2023-06-20,26718.51953125
866,2023-06-21,27483.95703125
867,2023-06-22,26885.958984375
868,2023-06-23,27340.4375
869,2023-06-24,27340.4375
870,2023-06-25,27340.4375
871,2023-06-26,26598.919921875
872,2023-06-27,26431.48046875
873,2023-06-28,26431.48046875
874,2023-06-29,26431.48046875
875,2023-06-30,26431.48046875
876,2023-07-01,26431.48046875
877,2023-07-02,26431.48046875
878,2023-07-03,26431.48046875
879,2023-07-04,26455.400390625
880,2023-07-05,26120.521484375
881,2023-07-06,26359.720703125
882,2023-07-07,26575.0
883,2023-07-08,26575.0
884,2023-07-09,26575.0
885,2023-07-10,27850.0
886,2023-07-11,28000.0
887,2023-07-12,27600.0
888,2023-07-13,27600.0
889,2023-07-14,27500.0
890,2023-07-15,27500.0
891,2023-07-16,27500.0
892,2023-07-17,27725.0
893,2023-07-18,27900.0
894,2023-07-19,27900.0
895,2023-07-20,28425.0
896,2023-07-21,29000.0
897,2023-07-22,29000.0
898,2023-07-23,29000.0
899,2023-07-24,28900.0
900,2023-07-25,28400.0
901,2023-07-26,28250.0
902,2023-07-27,28125.0
903,2023-07-28,28100.0
904,2023-07-29,28100.0
905,2023-07-30,28100.0
906,2023-07-31,27925.0
907,2023-08-01,27500.0
908,2023-08-02,25350.0
909,2023-08-03,25975.0
910,2023-08-04,25475.0
911,2023-08-05,25475.0
912,2023-08-06,25475.0
913,2023-08-07,25675.0
914,2023-08-08,25475.0
915,2023-08-09,24975.0
916,2023-08-10,24975.0
917,2023-08-11,24750.0
918,2023-08-12,24750.0
919,2023-08-13,24750.0
920,2023-08-14,25000.0
921,2023-08-15,24825.0
922,2023-08-16,25450.0
923,2023-08-17,25450.0
924,2023-08-18,25050.0
925,2023-08-19,25050.0
926,2023-08-20,25050.0
927,2023-08-21,25100.0
928,2023-08-22,25100.0
929,2023-08-23,25025.0
930,2023-08-24,24750.0
931,2023-08-25,24800.0
932,2023-08-26,24800.0
933,2023-08-27,24800.0
934,2023-08-28,24525.0
935,2023-08-29,24525.0
936,2023-08-30,24400.0
937,2023-08-31,24050.0
938,2023-09-01,24250.0
939,2023-09-02,24250.0
940,2023-09-03,24250.0
941,2023-09-04,24100.0
942,2023-09-05,24625.0
943,2023-09-06,24225.0
944,2023-09-07,24050.0
945,2023-09-08,24075.0
946,2023-09-09,24075.0
947,2023-09-10,24075.0
948,2023-09-11,24275.0
949,2023-09-12,24175.0
950,2023-09-13,24025.0
951,2023-09-14,24250.0
952,2023-09-15,24425.0
953,2023-09-16,24425.0
954,2023-09-17,24425.0
955,2023-09-18,24175.0
956,2023-09-19,24175.0
957,2023-09-20,24725.0
958,2023-09-21,25300.0
959,2023-09-22,24850.0
960,2023-09-23,24850.0
961,2023-09-24,24850.0
962,2023-09-25,24500.0
963,2023-09-26,24150.0
964,2023-09-27,24300.0
965,2023-09-28,24300.0
966,2023-09-29,24600.0
967,2023-09-30,24600.0
968,2023-10-01,24600.0
969,2023-10-02,24850.0
970,2023-10-03,24800.0
971,2023-10-04,24525.0
972,2023-10-05,25050.0
973,2023-10-06,24975.0
974,2023-10-07,24975.0
975,2023-10-08,24975.0
976,2023-10-09,25075.0
977,2023-10-10,25025.0
978,2023-10-11,25375.0
979,2023-10-12,25000.0
980,2023-10-13,25025.0
981,2023-10-14,25025.0
982,2023-10-15,25025.0
983,2023-10-16,25275.0
984,2023-10-17,26650.0
985,2023-10-18,25800.0
986,2023-10-19,24700.0
987,2023-10-20,24800.0
988,2023-10-21,24800.0
989,2023-10-22,24800.0
990,2023-10-23,24625.0
991,2023-10-24,24675.0
992,2023-10-25,24975.0
993,2023-10-26,25625.0
994,2023-10-27,26300.0
995,2023-10-28,26300.0
996,2023-10-29,26300.0
997,2023-10-30,23575.0
998,2023-10-31,23275.0
999,2023-11-01,22175.0
1000,2023-11-02,22600.0
1001,2023-11-03,22550.0
1002,2023-11-04,22550.0
1003,2023-11-05,22550.0
1004,2023-11-06,22550.0
1005,2023-11-07,21800.0
1006,2023-11-08,21075.0
1007,2023-11-09,21600.0
1008,2023-11-10,21550.0
1009,2023-11-11,21550.0
1010,2023-11-12,21550.0
1011,2023-11-13,21450.0
1012,2023-11-14,22200.0
1013,2023-11-15,22000.0
1014,2023-11-16,22000.0
1015,2023-11-17,21850.0
1016,2023-11-18,21850.0
1017,2023-11-19,21850.0
1018,2023-11-20,22200.0
1019,2023-11-21,21975.0
1020,2023-11-22,21425.0
1021,2023-11-23,21600.0
1022,2023-11-24,21775.0
1023,2023-11-25,21775.0
1024,2023-11-26,21775.0
1025,2023-11-27,21425.0
1026,2023-11-28,21425.0
1027,2023-11-29,21300.0
1028,2023-11-30,21125.0
1029,2023-12-01,21025.0
1030,2023-12-02,21025.0
1031,2023-12-03,21025.0
1032,2023-12-04,21025.0
1033,2023-12-05,20850.0
1034,2023-12-06,21050.0
1035,2023-12-07,20900.0
1036,2023-12-08,20800.0
1037,2023-12-09,20800.0
1038,2023-12-10,20800.0
1039,2023-12-11,20650.0
1040,2023-12-12,20400.0
1041,2023-12-13,21000.0
1042,2023-12-14,20625.0
1043,2023-12-15,20725.0
1044,2023-12-16,20725.0
1045,2023-12-17,20725.0
1046,2023-12-18,20350.0
1047,2023-12-19,20250.0
1048,2023-12-20,20100.0
1049,2023-12-21,20200.0
1050,2023-12-22,20125.0
1051,2023-12-23,20125.0
1052,2023-12-24,20125.0
1053,2023-12-25,20125.0
1054,2023-12-26,20125.0
1055,2023-12-27,20000.0
1056,2023-12-28,20575.0
1057,2023-12-29,20325.0
1058,2023-12-30,20325.0
1059,2023-12-31,20325.0
1060,2024-01-01,20325.0
1061,2024-01-02,20800.0
1062,2024-01-03,21025.0
1063,2024-01-04,20850.0
1064,2024-01-05,20900.0
1065,2024-01-06,20900.0
1066,2024-01-07,20900.0
1067,2024-01-08,20625.0
1068,2024-01-09,20400.0
1069,2024-01-10,20625.0
1070,2024-01-11,20725.0
1071,2024-01-12,20675.0
1072,2024-01-13,20675.0
1073,2024-01-14,20675.0
1074,2024-01-15,20725.0
1075,2024-01-16,20725.0
1076,2024-01-17,20400.0
1077,2024-01-18,20350.0
1078,2024-01-19,20325.0
1079,2024-01-20,20325.0
1080,2024-01-21,20325.0
1081,2024-01-22,20050.0
1082,2024-01-23,20050.0
1083,2024-01-24,20225.0
1084,2024-01-25,20050.0
1085,2024-01-26,20025.0
1086,2024-01-27,20025.0
1087,2024-01-28,20025.0
1088,2024-01-29,20000.0
1089,2024-01-30,19925.0
1090,2024-01-31,19700.0
1091,2024-02-01,19575.0
1092,2024-02-02,19675.0
1093,2024-02-03,19675.0
1094,2024-02-04,19675.0
1095,2024-02-05,19525.0
1096,2024-02-06,20350.0
1097,2024-02-07,19900.0
1098,2024-02-08,19900.0
1099,2024-02-09,19900.0
1100,2024-02-10,19900.0
1101,2024-02-11,19900.0
1102,2024-02-12,19950.0
1103,2024-02-13,19900.0
1104,2024-02-14,19900.0
1105,2024-02-15,20650.0
1106,2024-02-16,20350.0
1107,2024-02-17,20350.0
1108,2024-02-18,20350.0
1109,2024-02-19,20625.0
1110,2024-02-20,20400.0
1111,2024-02-21,20225.0
1112,2024-02-22,20400.0
1113,2024-02-23,20175.0
1114,2024-02-24,20175.0
1115,2024-02-25,20175.0
1116,2024-02-26,20150.0
1117,2024-02-27,20050.0
1118,2024-02-28,20575.0
1119,2024-02-29,20325.0
1120,2024-03-01,20225.0
1121,2024-03-02,20225.0
1122,2024-03-03,20225.0
1123,2024-03-04,20250.0
1124,2024-03-05,20175.0
1125,2024-03-06,20075.0
1126,2024-03-07,20050.0
1127,2024-03-08,20000.0
1128,2024-03-09,20000.0
1129,2024-03-10,20000.0
1130,2024-03-11,20000.0
1131,2024-03-12,20000.0
1132,2024-03-13,19900.0
1133,2024-03-14,19925.0
1134,2024-03-15,19500.0
1135,2024-03-16,19500.0
1136,2024-03-17,19500.0
1137,2024-03-18,19750.0
1138,2024-03-19,19600.0
1139,2024-03-20,19700.0
1140,2024-03-21,20000.0
1141,2024-03-22,19850.0
1142,2024-03-23,19850.0
1143,2024-03-24,19850.0
1144,2024-03-25,19900.0
1145,2024-03-26,20000.0
1146,2024-03-27,20025.0
1147,2024-03-28,19900.0
1148,2024-03-29,19900.0
1149,2024-03-30,19900.0
1150,2024-03-31,19900.0
1151,2024-04-01,19675.0
1152,2024-04-02,19575.0
1153,2024-04-03,19550.0
1154,2024-04-04,19975.0
1155,2024-04-05,19950.0
1156,2024-04-06,19950.0
1157,2024-04-07,19950.0
1158,2024-04-08,19950.0
1159,2024-04-09,19950.0
1160,2024-04-10,19950.0
1161,2024-04-11,19950.0
1162,2024-04-12,19950.0
1163,2024-04-13,19950.0
1164,2024-04-14,19950.0
1165,2024-04-15,19950.0
1166,2024-04-16,19850.0
1167,2024-04-17,19600.0
1168,2024-04-18,19600.0
1169,2024-04-19,19550.0
1170,2024-04-20,19550.0
1171,2024-04-21,19550.0
1172,2024-04-22,19675.0
1173,2024-04-23,19575.0
1174,2024-04-24,19525.0
1175,2024-04-25,19150.0
1176,2024-04-26,19100.0
1177,2024-04-27,19100.0
1178,2024-04-28,19100.0
1179,2024-04-29,19100.0
1180,2024-04-30,18225.0
1181,2024-05-01,18225.0
1182,2024-05-02,17900.0
1183,2024-05-03,17925.0
1184,2024-05-04,17925.0
1185,2024-05-05,17925.0
1186,2024-05-06,17950.0
1187,2024-05-07,17900.0
1188,2024-05-08,17875.0
1189,2024-05-09,17875.0
1190,2024-05-10,17875.0
1191,2024-05-11,17875.0
1192,2024-05-12,17875.0
1193,2024-05-13,18075.0
1194,2024-05-14,18375.0
1195,2024-05-15,18700.0
1196,2024-05-16,19325.0
1197,2024-05-17,19350.0
1198,2024-05-18,19350.0
1199,2024-05-19,19350.0
1200,2024-05-20,19375.0
1201,2024-05-21,19050.0
1202,2024-05-22,19100.0
1203,2024-05-23,19100.0
1204,2024-05-24,19100.0
1205,2024-05-25,19100.0
1206,2024-05-26,19100.0
1207,2024-05-27,19125.0
1208,2024-05-28,19300.0
1209,2024-05-29,19125.0
1210,2024-05-30,19000.0
1211,2024-05-31,18700.0
1212,2024-06-01,18700.0
1213,2024-06-02,18700.0
1214,2024-06-03,18325.0
1215,2024-06-04,18450.0
1216,2024-06-05,18225.0
1217,2024-06-06,18300.0
1218,2024-06-07,18850.0
1219,2024-06-08,18850.0
1220,2024-06-09,18850.0
1221,2024-06-10,18600.0
1222,2024-06-11,18800.0
1223,2024-06-12,18375.0
1224,2024-06-13,18275.0
1225,2024-06-14,18200.0
1226,2024-06-15,18200.0
1227,2024-06-16,18200.0
1228,2024-06-17,18200.0
1229,2024-06-18,18200.0
1230,2024-06-19,18175.0
1231,2024-06-20,17950.0
1232,2024-06-21,18350.0
1233,2024-06-22,18350.0
1234,2024-06-23,18350.0
1235,2024-06-24,18300.0
1236,2024-06-25,18250.0
1237,2024-06-26,18275.0
1238,2024-06-27,18550.0
1239,2024-06-28,18100.0
1240,2024-06-29,18100.0
1241,2024-06-30,18100.0
1242,2024-07-01,17500.0
1243,2024-07-02,17400.0
1244,2024-07-03,17350.0
1245,2024-07-04,17200.0
1246,2024-07-05,17150.0
1247,2024-07-06,17150.0
1248,2024-07-07,17150.0
1249,2024-07-08,17300.0
1250,2024-07-09,17375.0
1251,2024-07-10,17300.0
1252,2024-07-11,17225.0
1253,2024-07-12,17075.0
1254,2024-07-13,17075.0
1255,2024-07-14,17075.0
1256,2024-07-15,16975.0
1257,2024-07-16,16950.0
1258,2024-07-17,16950.0
1259,2024-07-18,16900.0
1260,2024-07-19,16925.0
1261,2024-07-20,16925.0
1262,2024-07-21,16925.0
1263,2024-07-22,17125.0
1264,2024-07-23,17025.0
1265,2024-07-24,16800.0
1266,2024-07-25,16625.0
1267,2024-07-26,16600.0
1268,2024-07-27,16600.0
1269,2024-07-28,16600.0
1270,2024-07-29,16550.0
1271,2024-07-30,16200.0
1272,2024-07-31,15750.0
1273,2024-08-01,15400.0
1274,2024-08-02,15550.0
1275,2024-08-03,15550.0
1276,2024-08-04,15550.0
1277,2024-08-05,15025.0
1278,2024-08-06,14800.0
1279,2024-08-07,14800.0
1280,2024-08-08,14500.0
1281,2024-08-09,14575.0
1282,2024-08-10,14575.0
1283,2024-08-11,14575.0
1284,2024-08-12,14800.0
1285,2024-08-13,14975.0
1286,2024-08-14,14825.0
1287,2024-08-15,14850.0
1288,2024-08-16,14975.0
1289,2024-08-17,14975.0
1290,2024-08-18,14975.0
1291,2024-08-19,16200.0
1292,2024-08-20,16600.0
1293,2024-08-21,16300.0
1294,2024-08-22,16250.0
1295,2024-08-23,16225.0
1296,2024-08-24,16225.0
1297,2024-08-25,16225.0
1298,2024-08-26,15900.0
1299,2024-08-27,15875.0
1300,2024-08-28,15875.0
1301,2024-08-29,15675.0
1302,2024-08-30,16375.0
1303,2024-08-31,16375.0
1304,2024-09-01,16375.0
1305,2024-09-02,16125.0
1306,2024-09-03,16050.0
1307,2024-09-04,16050.0
1308,2024-09-05,16025.0
1309,2024-09-06,16025.0
1310,2024-09-07,16025.0
1311,2024-09-08,16025.0
1312,2024-09-09,16075.0
1313,2024-09-10,16075.0
1314,2024-09-11,16050.0
1315,2024-09-12,16000.0
1316,2024-09-13,16000.0
1317,2024-09-14,16000.0
1318,2024-09-15,16000.0
1319,2024-09-16,16000.0
1320,2024-09-17,15950.0
1321,2024-09-18,16000.0
1322,2024-09-19,15900.0
1323,2024-09-20,15500.0
1324,2024-09-21,15500.0
1325,2024-09-22,15500.0
1326,2024-09-23,15625.0
1327,2024-09-24,16550.0
1328,2024-09-25,16075.0
1329,2024-09-26,16150.0
1330,2024-09-27,16125.0
1331,2024-09-28,16125.0
1332,2024-09-29,16125.0
1333,2024-09-30,15900.0
1334,2024-10-01,16100.0
1335,2024-10-02,16075.0
1336,2024-10-03,15925.0
1337,2024-10-04,15850.0
1338,2024-10-05,15850.0
1339,2024-10-06,15850.0
1340,2024-10-07,16000.0
1341,2024-10-08,15975.0
1342,2024-10-09,15900.0
1343,2024-10-10,15650.0
1344,2024-10-11,15700.0
1345,2024-10-12,15700.0
1346,2024-10-13,15700.0
1347,2024-10-14,15700.0
1348,2024-10-15,15750.0
1349,2024-10-16,15550.0
1350,2024-10-17,15650.0
1351,2024-10-18,15625.0
1352,2024-10-19,15625.0
1353,2024-10-20,15625.0
1354,2024-10-21,15600.0
1355,2024-10-22,15500.0
1356,2024-10-23,15500.0
1357,2024-10-24,15375.0
1358,2024-10-25,15150.0
1359,2024-10-26,15150.0
1360,2024-10-27,15150.0
1361,2024-10-28,14975.0
1362,2024-10-29,14875.0
1363,2024-10-30,14250.0
1364,2024-10-31,14075.0
1365,2024-11-01,13700.0
1366,2024-11-02,13700.0
1367,2024-11-03,13700.0
1368,2024-11-04,13250.0
1369,2024-11-05,13300.0
1370,2024-11-06,13250.0
1371,2024-11-07,13200.0
1372,2024-11-08,13225.0
1373,2024-11-09,13225.0
1374,2024-11-10,13225.0
1375,2024-11-11,13225.0
1376,2024-11-12,13475.0
1377,2024-11-13,13475.0
1378,2024-11-14,13400.0
1379,2024-11-15,13275.0
1380,2024-11-16,13275.0
1381,2024-11-17,13275.0
1382,2024-11-18,13200.0
1383,2024-11-19,13200.0
1384,2024-11-20,13200.0
1385,2024-11-21,13125.0
1386,2024-11-22,13025.0
1387,2024-11-23,13025.0
1388,2024-11-24,13025.0
1389,2024-11-25,13425.0
1390,2024-11-26,13250.0
1391,2024-11-27,13250.0
1392,2024-11-28,12975.0
1393,2024-11-29,12825.0
1394,2024-11-30,12825.0
1395,2024-12-01,12825.0
1396,2024-12-02,12525.0
1397,2024-12-03,12675.0
1398,2024-12-04,13350.0
1399,2024-12-05,13650.0
1400,2024-12-06,13525.0
1401,2024-12-07,13525.0
1402,2024-12-08,13525.0
1403,2024-12-09,13650.0
1404,2024-12-10,13900.0
1405,2024-12-11,13575.0
1406,2024-12-12,13600.0
1407,2024-12-13,13475.0
1408,2024-12-14,13475.0
1409,2024-12-15,13475.0
1410,2024-12-16,13025.0
1411,2024-12-17,12850.0
1412,2024-12-18,12800.0
1413,2024-12-19,12900.0
1414,2024-12-20,13225.0
1415,2024-12-21,13225.0
1416,2024-12-22,13225.0
1417,2024-12-23,13225.0
1418,2024-12-24,13125.0
1419,2024-12-25,13125.0
1420,2024-12-26,13125.0
1421,2024-12-27,13275.0
1422,2024-12-28,13275.0
1423,2024-12-29,13275.0
1424,2024-12-30,13275.0
1425,2024-12-31,13275.0
1426,2025-01-01,13275.0
1427,2025-01-02,13100.0
1428,2025-01-03,12775.0
1429,2025-01-04,12775.0
1430,2025-01-05,12775.0
1431,2025-01-06,12775.0
1432,2025-01-07,12675.0
1433,2025-01-08,12600.0
1434,2025-01-09,12525.0
1435,2025-01-10,12500.0
1436,2025-01-11,12500.0
1437,2025-01-12,12500.0
1438,2025-01-13,12300.0
1439,2025-01-14,12150.0
1440,2025-01-15,12225.0
1441,2025-01-16,12150.0
1442,2025-01-17,12125.0
1443,2025-01-18,12125.0
1444,2025-01-19,12125.0
1445,2025-01-20,12100.0
1446,2025-01-21,12075.0
1447,2025-01-22,12025.0
1448,2025-01-23,11850.0
1449,2025-01-24,11800.0
1450,2025-01-25,11800.0
1451,2025-01-26,11800.0
1452,2025-01-27,11800.0
1453,2025-01-28,11800.0
1454,2025-01-29,11800.0
1455,2025-01-30,11550.0
1456,2025-01-31,11250.0
1457,2025-02-01,11250.0
1458,2025-02-02,11250.0
1459,2025-02-03,10875.0
1460,2025-02-04,11125.0
